{"cameraMode":{"drawMode":0,"name":"Shaded","section":"Shading Mode"},"sceneLighting":true,"audioPlay":false,"sceneViewState":{"m_AlwaysRefresh":false,"showFog":true,"showSkybox":true,"showFlares":true,"showImageEffects":true,"showParticleSystems":true,"showVisualEffectGraphs":true,"m_FxEnabled":true},"in2DMode":false,"pivot":{"x":-3.268845319747925,"y":-0.46450111269950869,"z":-5.2461323738098148},"rotation":{"x":-0.025840532034635545,"y":-0.8997553586959839,"z":0.43230220675468447,"w":-0.05378284677863121},"size":15.958367347717286,"orthographic":false}